{"_runtime":0.7406662,"_step":4,"_wandb":{"runtime":1},"epoch":4,"train_loss":0.08802050107136741,"val_accuracy":0.919455129572981,"_timestamp":1.749905129849091e+09}