{"_step":4,"epoch":4,"train_loss":0.0899024642646692,"_wandb":{"runtime":1061},"val_accuracy":0.9342548769459229,"_timestamp":1.7499048951988182e+09,"_runtime":1003.590614}