{"train_loss":0.03356693245465282,"val_accuracy":0.9318015103645184,"_timestamp":1.7499051267803917e+09,"_runtime":0.7847594,"_step":4,"_wandb":{"runtime":1},"epoch":4}